-- phpMyAdmin SQL Dump
-- version 5.1.1
-- https://www.phpmyadmin.net/
--
-- Host: 127.0.0.1
-- Waktu pembuatan: 10 Des 2022 pada 04.43
-- Versi server: 10.4.22-MariaDB
-- Versi PHP: 7.4.27

SET SQL_MODE = "NO_AUTO_VALUE_ON_ZERO";
START TRANSACTION;
SET time_zone = "+00:00";


/*!40101 SET @OLD_CHARACTER_SET_CLIENT=@@CHARACTER_SET_CLIENT */;
/*!40101 SET @OLD_CHARACTER_SET_RESULTS=@@CHARACTER_SET_RESULTS */;
/*!40101 SET @OLD_COLLATION_CONNECTION=@@COLLATION_CONNECTION */;
/*!40101 SET NAMES utf8mb4 */;

--
-- Database: `edonat`
--

-- --------------------------------------------------------

--
-- Struktur dari tabel `ci_sessions`
--

CREATE TABLE `ci_sessions` (
  `id` varchar(128) NOT NULL,
  `ip_address` varchar(45) NOT NULL,
  `timestamp` int(10) UNSIGNED NOT NULL DEFAULT 0,
  `data` blob NOT NULL
) ENGINE=InnoDB DEFAULT CHARSET=utf8mb4;

--
-- Dumping data untuk tabel `ci_sessions`
--

INSERT INTO `ci_sessions` (`id`, `ip_address`, `timestamp`, `data`) VALUES
('o3bi6c5en7c6glv7njfh59d9679rqhfg', '127.0.0.1', 1642088797, 0x5f5f63695f6c6173745f726567656e65726174657c693a313634323038383738363b7265646972656374696f6e7c4e3b),
('10m8v533duqulfsc7iqnkumuu0r666fm', '127.0.0.1', 1642172566, 0x5f5f63695f6c6173745f726567656e65726174657c693a313634323137323332393b7265646972656374696f6e7c4e3b5f5f4143544956455f53455353494f4e5f444154417c733a3235363a2263656333323430306262613837313461323963613861653739663938333264343032393530653266613535366536376535626566383130323365373535333230376135613365373562316564623630323737326163383031393866313161663765623637363163633336333537393763366662343836376234353936653333376c4e2b736a33636179484e757054677356532b596c44322b38636871475642654a6a6d6f656a6c527368554b5033446d425565696d4a6f6a4844426e5a6838494e365a57716b3144794837785367544e5141696869366558413970786670333047743879426b423839343638703849306e6739577a337052496d4c3942377663223b73657474696e67735f666c6173687c733a33303a2250656e6761747572616e20626572686173696c2064697065726261727569223b5f5f63695f766172737c613a313a7b733a31343a2273657474696e67735f666c617368223b733a333a226f6c64223b7d),
('ldr0lb1p84obk471n3mq4kd86rj6f794', '::1', 1642429893, 0x5f5f63695f6c6173745f726567656e65726174657c693a313634323432393539393b7265646972656374696f6e7c4e3b5f5f4143544956455f53455353494f4e5f444154417c733a3235363a2232323866356236323632613639396338626563303765363361653337666565343962356631636436353534666630346434323464626330393266656436616439366665373130636364363136383762303563363530353833303134363231393132633564636433313866346639386432643566653635306663323837356638377a4e554b48497168636644675a6d7a65702b333148634c587639547a4d31786c49774842726a30506a66642b387454694246632b786e7769327a5554544d4a34726b6957794370416e6e4268365a627355676a416d683977476a493042384e6472785465544d2f7868684963336e446147436772516d4541774f775170573231223b6164645f6e65775f70726f647563745f666c6173687c733a33333a2250726f64756b206261727520626572686173696c20646974616d6261686b616e21223b5f5f63695f766172737c613a313a7b733a32313a226164645f6e65775f70726f647563745f666c617368223b733a333a226f6c64223b7d),
('79s75rbqg4hkj6j3h5c5uo99d994g21t', '::1', 1642430225, 0x5f5f63695f6c6173745f726567656e65726174657c693a313634323432393932303b7265646972656374696f6e7c4e3b5f5f4143544956455f53455353494f4e5f444154417c733a3235363a2234343266326634383231373730303062333333373437643666333031336332626661393337666361353436356230383838353563633636336239333362666265633963363536303764303432626161336636663535353863326165613363383862353732376163313962663538306664656566623564666137363866343831395a7a5246485a34505547456a6d5a6f6c696c4e736532565232746a56697438783678734a35743468556d32745377784b716850356f7a4f784b6b356a4352674e6c4f3064686d6a70614148676f67594744726d4c61614c733234526c7061507853555769614446525761774848794851692f6277357a34536c526e4568386f75223b636172745f636f6e74656e74737c613a333a7b733a31303a22636172745f746f74616c223b643a35353030303b733a31313a22746f74616c5f6974656d73223b643a31313b733a33323a226334636134323338613062393233383230646363353039613666373538343962223b613a363a7b733a323a226964223b733a313a2231223b733a333a22717479223b643a31313b733a353a227072696365223b643a353030303b733a343a226e616d65223b733a393a22546572692041626f6e223b733a353a22726f776964223b733a33323a226334636134323338613062393233383230646363353039613666373538343962223b733a383a22737562746f74616c223b643a35353030303b7d7d),
('7os87enf62lvli0s4ran68mr8m5tuin2', '::1', 1642430406, 0x5f5f63695f6c6173745f726567656e65726174657c693a313634323433303232383b7265646972656374696f6e7c4e3b5f5f4143544956455f53455353494f4e5f444154417c733a3235363a22346139386139323061353333303830356539346430366366363966353535666138386236363362323936333161656262333739386632346663653039306662633965323466333337383766323638333964643830313165353264313965393261313661396533336636653235313038356235333465666238383634633437323552426b6d7a427167423865735441544b61773575376230516f546832597a42664f6f5a5a6d4f50637975724b337962786c6f62573161744539447444356a516b796230304143734d576a5a3158702b504a7a2f52354d6959776c6f5a2f366434636d3149596a4f356f75395674445766786a5453777437646e706c316d6e3976223b),
('51ui4jrpg2v2untokl3ek58rnvpsh7oh', '::1', 1642431467, 0x5f5f63695f6c6173745f726567656e65726174657c693a313634323433313436363b7265646972656374696f6e7c4e3b5f5f4143544956455f53455353494f4e5f444154417c733a3235363a22346139386139323061353333303830356539346430366366363966353535666138386236363362323936333161656262333739386632346663653039306662633965323466333337383766323638333964643830313165353264313965393261313661396533336636653235313038356235333465666238383634633437323552426b6d7a427167423865735441544b61773575376230516f546832597a42664f6f5a5a6d4f50637975724b337962786c6f62573161744539447444356a516b796230304143734d576a5a3158702b504a7a2f52354d6959776c6f5a2f366434636d3149596a4f356f75395674445766786a5453777437646e706c316d6e3976223b),
('cn9pbv6o80d7rdue0uk78liqo0i89c4u', '::1', 1643007242, 0x5f5f63695f6c6173745f726567656e65726174657c693a313634333030373139373b7265646972656374696f6e7c4e3b),
('pqtrligig2l8fj787utfuqths8brtovt', '::1', 1644741393, 0x5f5f63695f6c6173745f726567656e65726174657c693a313634343734313235333b7265646972656374696f6e7c4e3b),
('q36o9sfhnj0boh04lvi52b6rh1n24e5o', '::1', 1644815564, 0x5f5f63695f6c6173745f726567656e65726174657c693a313634343831353536303b),
('8kf0pe93eogq3r8flfihshdjigp3psq5', '::1', 1644820516, 0x5f5f63695f6c6173745f726567656e65726174657c693a313634343832303531343b),
('fvetrsjrv6vokbi43tgbgrafet34r7uf', '::1', 1644821143, 0x5f5f63695f6c6173745f726567656e65726174657c693a313634343832313038323b7265646972656374696f6e7c4e3b5f5f4143544956455f53455353494f4e5f444154417c733a3235363a2266653764353637343433643565653766336164323934303866356266363866626637343933323937666638306430303664633337336462343034623632376137663465356134333239626433633136653435316563363437656532626233633135346165306136613561393364646639303436633534303437303433386637304e48486b696b6c5a55665a616f744a64456e59784f4d77625455687561702b61774c624335665a5a4a4b73693731494e5036745071694f4d523661434b4641787844582b586752704f6e6e6f752f706c64622f2f592b58766631367a69314c574148514b434641614746726e4c4c725478534d524c50693642464269516a7646223b),
('jhimogn9uf3p20786k7aj1584n8jtehm', '::1', 1644890328, 0x5f5f63695f6c6173745f726567656e65726174657c693a313634343839303332333b),
('qnk1lqkdrk3di8bklrgj7ekbvdsuj6hp', '::1', 1644913703, 0x5f5f63695f6c6173745f726567656e65726174657c693a313634343931333433303b7265646972656374696f6e7c4e3b5f5f4143544956455f53455353494f4e5f444154417c733a3235363a226331643165383431326133663162333438396261656634303962653463306539653864313934353138313366663364313232316539353063383035383264353435363839306631343739653863636537303466323137323634386630306330313039643631366664313761666437303532396333666232646231633032663361434b70757a777977624d66567836764d486c796436325463546d675239644253467477497a7a6951527563677350537547304a4d2b743634414c35567836494a43373531417a465849634e786d576c4a445a707754684557727368727a516756395449783845563069415a636243526d79683850496f4a2f6e6c7530336f4e63223b),
('c7k310fo0v3euglmc6hpg51k9eksc5lq', '::1', 1644914040, 0x5f5f63695f6c6173745f726567656e65726174657c693a313634343931333734313b7265646972656374696f6e7c4e3b5f5f4143544956455f53455353494f4e5f444154417c733a3235363a2233376162373465396162343339356231643637343937626465363561373762653433633538616664323361646437393634656236636437636237346430323237616236666661336236616561316138323233616637363061316537653138616534346639643535653131306362636332343133656139666132393261623737386b2f4d6c3144616f6c332b704162625045414b685868692f2b4f5478707a523871687a2b7766366d795a724738374b4973453547392b4b5a394a7435646366334561595248516f34515832396e397076326538545a394234565159526e2b346678322b443449356e416b716159647550484f314f307a356b5237545332337167223b),
('2410jb09n6vs35s1f4pr1i6r0hlvm8aq', '::1', 1644914346, 0x5f5f63695f6c6173745f726567656e65726174657c693a313634343931343034353b7265646972656374696f6e7c4e3b),
('fcl4jkpiatd9414undbh7sgg6347c4d9', '::1', 1644992816, 0x5f5f63695f6c6173745f726567656e65726174657c693a313634343939323531393b636172745f636f6e74656e74737c613a333a7b733a31303a22636172745f746f74616c223b643a31303030303b733a31313a22746f74616c5f6974656d73223b643a313b733a33323a226563636263383765346235636532666532383330386664396632613762616633223b613a363a7b733a323a226964223b733a313a2233223b733a333a22717479223b643a313b733a353a227072696365223b643a31303030303b733a343a226e616d65223b733a31313a22416e656b6120446f6e6174223b733a353a22726f776964223b733a33323a226563636263383765346235636532666532383330386664396632613762616633223b733a383a22737562746f74616c223b643a31303030303b7d7d),
('a500nei3t85tttip91d0agnjufvi70k7', '::1', 1644993053, 0x5f5f63695f6c6173745f726567656e65726174657c693a313634343939323832303b636172745f636f6e74656e74737c613a333a7b733a31303a22636172745f746f74616c223b643a31303030303b733a31313a22746f74616c5f6974656d73223b643a313b733a33323a226563636263383765346235636532666532383330386664396632613762616633223b613a363a7b733a323a226964223b733a313a2233223b733a333a22717479223b643a313b733a353a227072696365223b643a31303030303b733a343a226e616d65223b733a31313a22416e656b6120446f6e6174223b733a353a22726f776964223b733a33323a226563636263383765346235636532666532383330386664396632613762616633223b733a383a22737562746f74616c223b643a31303030303b7d7d7265646972656374696f6e7c4e3b5f5f4143544956455f53455353494f4e5f444154417c733a3235363a223132383938653037313838303532336138393232613335653262646334623039643530353534306166613433313833626339626161646461326431653337633439326661653466366665326430663431643265363362323832306234316439346363303639623331353161393732373331616634333262363735636166313034706c3038657567317a6d7535645836314d62374a71614738614c495932513372494b746e6a595a4b4a634266616f4750383439734742342f684e74557455513431586e4253327534596d6976564f474f6a344f6634574b69654852414f6a306273356331784e633955706f63556d7a65325545706762716e46323361564b7a6b223b),
('0cnt8qlhui84fg49ua59ehir0941hhi8', '::1', 1644994002, 0x5f5f63695f6c6173745f726567656e65726174657c693a313634343939333936373b7265646972656374696f6e7c4e3b5f5f4143544956455f53455353494f4e5f444154417c733a3235363a223132383938653037313838303532336138393232613335653262646334623039643530353534306166613433313833626339626161646461326431653337633439326661653466366665326430663431643265363362323832306234316439346363303639623331353161393732373331616634333262363735636166313034706c3038657567317a6d7535645836314d62374a71614738614c495932513372494b746e6a595a4b4a634266616f4750383439734742342f684e74557455513431586e4253327534596d6976564f474f6a344f6634574b69654852414f6a306273356331784e633955706f63556d7a65325545706762716e46323361564b7a6b223b),
('cr2ecaaguo2hu3aik8hiv7r5e1kpuc57', '::1', 1645012130, 0x5f5f63695f6c6173745f726567656e65726174657c693a313634353031323132353b),
('k22a673i1um4mdaigha9njptjkojkh70', '::1', 1645013633, 0x5f5f63695f6c6173745f726567656e65726174657c693a313634353031333336343b7265646972656374696f6e7c4e3b5f5f4143544956455f53455353494f4e5f444154417c733a3235363a2233636362333963666164653436613434656262323833363038626436363938616436303964326635323165393539343037343133613833313964383632653531386665613765393133326235646432626438386662326136326639393436666363306133326463316630616435616264396236653139626439303932333833366a644879575a636f302f506e41664b79354d575a7264544573526e6c6b614f6b36574c46337979764131677375397654793746564a6744445057446439767852593237764a7670716659535970614144483037635a4c6674742f4a4e45486a4d534c474b2f43794b4e33444f697850772b64626b59346175576c6163585a3942223b),
('a21b8rra55n2cd0na30nq7j24s7oalfq', '::1', 1647059218, 0x5f5f63695f6c6173745f726567656e65726174657c693a313634373035393039323b7265646972656374696f6e7c4e3b5f5f4143544956455f53455353494f4e5f444154417c733a3235363a2233376339333039646436313265346437623462313935656465326631393265343932393633636534373035366235343866323331343534633266393032616534303231373838343366653864333664346266623365356337636335366463363237646139636562333530383337336365393933353131353831633635623130354e4776324568567930702b30372b772f6b4e4b41776b452f42546144524771594a782f634944572f44506f6668534c6838336f796c4d4245556a4b4548435048546946502f58504a36465966536877593763684637516f756a36326a456272634a32367158784858365365577236627079494c31332b6e796d4c4a4576793850223b),
('vgpha1h3m2es80rt4c7cd56hnglp8fa2', '::1', 1647060210, 0x5f5f63695f6c6173745f726567656e65726174657c693a313634373036303230383b7265646972656374696f6e7c4e3b5f5f4143544956455f53455353494f4e5f444154417c733a3235363a2233376339333039646436313265346437623462313935656465326631393265343932393633636534373035366235343866323331343534633266393032616534303231373838343366653864333664346266623365356337636335366463363237646139636562333530383337336365393933353131353831633635623130354e4776324568567930702b30372b772f6b4e4b41776b452f42546144524771594a782f634944572f44506f6668534c6838336f796c4d4245556a4b4548435048546946502f58504a36465966536877593763684637516f756a36326a456272634a32367158784858365365577236627079494c31332b6e796d4c4a4576793850223b),
('m89ks7h2b7un6q1eomb7s1bgd5925fjh', '::1', 1647841092, 0x5f5f63695f6c6173745f726567656e65726174657c693a313634373834313039303b),
('9b0rkpufr36t7cbt38ipi1utphguq8b0', '::1', 1647841824, 0x5f5f63695f6c6173745f726567656e65726174657c693a313634373834313630303b),
('erht6aeqqg894nd4thjed25gvudb7mii', '::1', 1654919388, 0x5f5f63695f6c6173745f726567656e65726174657c693a313635343931393338383b7265646972656374696f6e7c4e3b5f5f4143544956455f53455353494f4e5f444154417c733a3235363a2236343566326630323936626636636436616538656139636261633732626638376236356633643066663462363138373163393131643662653139663938363736613131653762333030373635373731333139386166643632646434653932613862623633666466383863353239616531323331386338663063363832306266384f587342783676762b6442793333663979307466325a347a5259755a3565723153463733327a2f4f4863475641785857505433693159655266727676493643773439384c5a2b372b617143597a2f323648694d64396b765a6233567763324e53626164764b664e763835645850465273557338356d4f6938637032446a643966223b),
('m6r3sl0bdacp81u9nsmpnh61cpt4jh75', '::1', 1654919721, 0x5f5f63695f6c6173745f726567656e65726174657c693a313635343931393732313b7265646972656374696f6e7c4e3b5f5f4143544956455f53455353494f4e5f444154417c733a3235363a2236343566326630323936626636636436616538656139636261633732626638376236356633643066663462363138373163393131643662653139663938363736613131653762333030373635373731333139386166643632646434653932613862623633666466383863353239616531323331386338663063363832306266384f587342783676762b6442793333663979307466325a347a5259755a3565723153463733327a2f4f4863475641785857505433693159655266727676493643773439384c5a2b372b617143597a2f323648694d64396b765a6233567763324e53626164764b664e763835645850465273557338356d4f6938637032446a643966223b),
('6skc2ona2df2rdfie4g6m69qlm415qpm', '::1', 1654919557, 0x5f5f63695f6c6173745f726567656e65726174657c693a313635343931393535373b),
('0d6j0ter30aadatohc0ecuoedfv5nbgk', '::1', 1654919907, 0x5f5f63695f6c6173745f726567656e65726174657c693a313635343931393930373b),
('51vjkongn07loalsob25lff4gmid3luc', '::1', 1654919756, 0x5f5f63695f6c6173745f726567656e65726174657c693a313635343931393630303b),
('m6plapnl3bbnevtpr5bo9504gu2sgjji', '::1', 1654919626, 0x5f5f63695f6c6173745f726567656e65726174657c693a313635343931393632363b),
('g3v3l9ht2pvotv5ujgvne4h795emejkp', '::1', 1654919751, 0x5f5f63695f6c6173745f726567656e65726174657c693a313635343931393732313b7265646972656374696f6e7c4e3b5f5f4143544956455f53455353494f4e5f444154417c733a3235363a2233613931366632646337303964393035326539326437663465613434346430386333313166376336383430313332616561316131626333626432313036353863323562303066623730633838336434633565316261323566353766373965623362333436363164653737613565366630353938393130343638353639613831376263633233586242756c6f39435137707165684a574f4b684776484448617976316945484b64704d624d392f74757a796f6b516c6361674e69456e784638584e5878363938614555546c6d707a68426f7137594c4c396c7548394e4c7a6372635768304e4b65563134477651734e4332596c6832384d747573524c5845613761223b73657474696e67735f666c6173687c733a33303a2250656e6761747572616e20626572686173696c2064697065726261727569223b5f5f63695f766172737c613a313a7b733a31343a2273657474696e67735f666c617368223b733a333a226f6c64223b7d),
('ci4qsq9ng9r3tcuvibp8bv33ui3eldbd', '::1', 1654919830, 0x5f5f63695f6c6173745f726567656e65726174657c693a313635343931393833303b),
('cftrrjudceo5hcan0mnurbnd1sv8bgpl', '::1', 1654919911, 0x5f5f63695f6c6173745f726567656e65726174657c693a313635343931393930373b),
('bb3s3p2dijqdeprpdfqhg97pvch914f6', '::1', 1654920059, 0x5f5f63695f6c6173745f726567656e65726174657c693a313635343931393934393b),
('l9262gm8hjfciblth2ec8hohvllqvhvd', '::1', 1662472870, 0x5f5f63695f6c6173745f726567656e65726174657c693a313636323437323837303b7265646972656374696f6e7c4e3b),
('3fk0epq68qos0tcgk4g3et9o3mpset0b', '::1', 1662474986, 0x5f5f63695f6c6173745f726567656e65726174657c693a313636323437343938363b7265646972656374696f6e7c4e3b5f5f4143544956455f53455353494f4e5f444154417c733a3235363a2238373036393962653437396332333562356431343266333431303365643665366336353736303266636235336633326164626139656339643566323439353261643334356338663766336661336639303431303039393138393334613639333131643762393033343662356530623137616239666331356438376332306234374773464e447736594f326630382b6b7470794b644563747a3475547a34425a6f44436379704a796262646e67466c475544744951513368454141655051426a454756704c34525052572b6d6d6b5a426c355233434463596c68505542714a456a6359612b572f503268336f4c6335677a41533462685342356c69524b39736431223b),
('2gafe4l23026acpsu3a83m01vhbpfpev', '::1', 1662475298, 0x5f5f63695f6c6173745f726567656e65726174657c693a313636323437353239383b7265646972656374696f6e7c4e3b5f5f4143544956455f53455353494f4e5f444154417c733a3235363a226531653064613832303663323638393633643133643665363965363733343233616665643138323338366335333764336235643535376234616432636134646365613364636239633862393632383730336133623037323162346335646336333033383633306564376436343064386537303765363639643366643163626361553045653843316c3657514c5132304b4f486844482b3238554253434d69465844624c2b62556e6c6c324a68653444533253386c6867704241323650484550344570764b4e464e2b362f494f574e744e4f41644b4a777a5744794a567739616d3646655739736c584d4a61365637333944703372587734493256316133465a71223b),
('821ehnqenvuab5sm5or3o58hnl94oolb', '::1', 1662475301, 0x5f5f63695f6c6173745f726567656e65726174657c693a313636323437353239383b7265646972656374696f6e7c4e3b5f5f4143544956455f53455353494f4e5f444154417c733a3235363a226531653064613832303663323638393633643133643665363965363733343233616665643138323338366335333764336235643535376234616432636134646365613364636239633862393632383730336133623037323162346335646336333033383633306564376436343064386537303765363639643366643163626361553045653843316c3657514c5132304b4f486844482b3238554253434d69465844624c2b62556e6c6c324a68653444533253386c6867704241323650484550344570764b4e464e2b362f494f574e744e4f41644b4a777a5744794a567739616d3646655739736c584d4a61365637333944703372587734493256316133465a71223b),
('4j946eei99qcrkce7lhnuiiledmspnvl', '::1', 1669691839, 0x5f5f63695f6c6173745f726567656e65726174657c693a313636393639313833393b7265646972656374696f6e7c4e3b5f5f4143544956455f53455353494f4e5f444154417c733a3235363a2232303466336465343162373139633530636266613366376161623938376263303832626535346661383864356333386233613663366135356534646633306664366234626663663663316435613562386134613533393434366230303463633535316263346235376638313535646564393339336237386532623535356239356b456d64505237316a6278574a5564387759307a594c446d6d6d6347346138684a655363414d665862334f58794b6b6e41677463534d384d64426870523035696c753935475177515135636973534956632b3233344749433658417074477975446237325272624a55707252795977474c52556f723541554438426f41614656223b636172745f636f6e74656e74737c613a333a7b733a31303a22636172745f746f74616c223b643a31303030303b733a31313a22746f74616c5f6974656d73223b643a323b733a33323a226334636134323338613062393233383230646363353039613666373538343962223b613a363a7b733a323a226964223b733a313a2231223b733a333a22717479223b643a323b733a353a227072696365223b643a353030303b733a343a226e616d65223b733a393a22546572692041626f6e223b733a353a22726f776964223b733a33323a226334636134323338613062393233383230646363353039613666373538343962223b733a383a22737562746f74616c223b643a31303030303b7d7d),
('7e6u8i439kderce7ecd7mr6u2d9tdgd2', '::1', 1669692083, 0x5f5f63695f6c6173745f726567656e65726174657c693a313636393639313833393b7265646972656374696f6e7c4e3b5f5f4143544956455f53455353494f4e5f444154417c733a3235363a2265383033393531366266323539303133333237646262326634633236626363356362353632386438343464663066613761643330353564393265663531353232636535323863643464333935366132303465623265633534393631393633393661303734636138383735396434316130653436653263663364633236373964323358564455526370353530525347723841526b757337584a553363546f5267663442534764764a69354e713663624848567244334a355433687970663349617263326e347566367a675949794959476c31616c2b69656a33516e54622f456b76544e37506836356f356459474c413954444a526f4957596e47705a735768734b223b),
('ll4ef9g0eulgtsepor795f79s50pld96', '127.0.0.1', 1670322999, 0x5f5f63695f6c6173745f726567656e65726174657c693a313637303332323939393b),
('kn83uq0t3slvgoju704ibmfm0ld82ka2', '127.0.0.1', 1670323001, 0x5f5f63695f6c6173745f726567656e65726174657c693a313637303332323939393b);

-- --------------------------------------------------------

--
-- Struktur dari tabel `contacts`
--

CREATE TABLE `contacts` (
  `id` int(10) NOT NULL,
  `parent_id` int(10) DEFAULT NULL,
  `name` varchar(32) NOT NULL,
  `subject` varchar(128) DEFAULT NULL,
  `email` varchar(64) NOT NULL,
  `message` mediumtext NOT NULL,
  `contact_date` datetime DEFAULT NULL,
  `status` tinyint(1) DEFAULT 1,
  `reply_at` datetime DEFAULT NULL
) ENGINE=InnoDB DEFAULT CHARSET=utf8mb4;

-- --------------------------------------------------------

--
-- Struktur dari tabel `coupons`
--

CREATE TABLE `coupons` (
  `id` bigint(20) NOT NULL,
  `name` varchar(191) NOT NULL,
  `code` varchar(32) NOT NULL,
  `credit` decimal(8,2) NOT NULL,
  `start_date` date NOT NULL,
  `expired_date` date NOT NULL,
  `is_active` tinyint(4) DEFAULT 1
) ENGINE=InnoDB DEFAULT CHARSET=utf8mb4;

-- --------------------------------------------------------

--
-- Struktur dari tabel `customers`
--

CREATE TABLE `customers` (
  `id` bigint(20) NOT NULL,
  `user_id` bigint(20) UNSIGNED DEFAULT NULL,
  `name` varchar(191) NOT NULL,
  `phone_number` varchar(32) DEFAULT NULL,
  `address` varchar(191) NOT NULL,
  `profile_picture` varchar(191) DEFAULT NULL
) ENGINE=InnoDB DEFAULT CHARSET=utf8mb4;

--
-- Dumping data untuk tabel `customers`
--

INSERT INTO `customers` (`id`, `user_id`, `name`, `phone_number`, `address`, `profile_picture`) VALUES
(1, 8, 'Muhammad Aji Pangestu', '085251565171', 'Jl.Opo', 'WhatsApp_Image_2021-03-01_at_14_23_42_(2)2.jpg'),
(2, 9, 'Muhammad Nizwan', '085257613344', 'Jl. sembarang', NULL);

-- --------------------------------------------------------

--
-- Struktur dari tabel `orders`
--

CREATE TABLE `orders` (
  `id` bigint(20) NOT NULL,
  `user_id` bigint(20) UNSIGNED DEFAULT NULL,
  `coupon_id` bigint(20) DEFAULT NULL,
  `order_number` varchar(16) NOT NULL,
  `order_status` enum('1','2','3','4','5') DEFAULT '1',
  `order_date` datetime NOT NULL,
  `total_price` decimal(8,2) DEFAULT NULL,
  `total_items` int(10) DEFAULT NULL,
  `payment_method` int(11) DEFAULT 1,
  `delivery_data` text DEFAULT NULL,
  `delivered_date` datetime DEFAULT NULL,
  `finish_date` datetime DEFAULT NULL
) ENGINE=InnoDB DEFAULT CHARSET=utf8mb4;

--
-- Dumping data untuk tabel `orders`
--

INSERT INTO `orders` (`id`, `user_id`, `coupon_id`, `order_number`, `order_status`, `order_date`, `total_price`, `total_items`, `payment_method`, `delivery_data`, `delivered_date`, `finish_date`) VALUES
(1, 8, NULL, 'DTX692218247', '1', '2022-09-06 16:39:56', '10000.00', 1, 2, '{\"customer\":{\"name\":\"Muhammad Aji Pangestu\",\"phone_number\":\"085251565171\",\"address\":\"Jl.Opo\"},\"note\":\"\"}', NULL, NULL),
(2, 9, NULL, 'RAL29112219184', '2', '2022-11-29 04:18:42', '15000.00', 1, 2, '{\"customer\":{\"name\":\"Muhammad Nizwan\",\"phone_number\":\"085257613344\",\"address\":\"Jl. sembarang\"},\"note\":\"\"}', NULL, NULL);

-- --------------------------------------------------------

--
-- Struktur dari tabel `order_item`
--

CREATE TABLE `order_item` (
  `id` bigint(20) NOT NULL,
  `order_id` bigint(20) DEFAULT NULL,
  `product_id` bigint(20) DEFAULT NULL,
  `order_qty` int(10) NOT NULL,
  `order_price` decimal(8,2) DEFAULT NULL
) ENGINE=InnoDB DEFAULT CHARSET=utf8mb4;

--
-- Dumping data untuk tabel `order_item`
--

INSERT INTO `order_item` (`id`, `order_id`, `product_id`, `order_qty`, `order_price`) VALUES
(1, 1, 2, 1, '5000.00'),
(2, 2, 1, 2, '5000.00');

-- --------------------------------------------------------

--
-- Struktur dari tabel `payments`
--

CREATE TABLE `payments` (
  `id` bigint(20) NOT NULL,
  `order_id` bigint(20) DEFAULT NULL,
  `payment_price` decimal(8,2) DEFAULT NULL,
  `payment_date` datetime NOT NULL,
  `picture_name` varchar(191) DEFAULT NULL,
  `payment_status` enum('1','2','3') DEFAULT '1',
  `confirmed_date` datetime DEFAULT NULL,
  `payment_data` text DEFAULT NULL
) ENGINE=InnoDB DEFAULT CHARSET=utf8mb4;

-- --------------------------------------------------------

--
-- Struktur dari tabel `products`
--

CREATE TABLE `products` (
  `id` bigint(20) NOT NULL,
  `category_id` int(10) DEFAULT NULL,
  `sku` varchar(32) DEFAULT NULL,
  `name` varchar(191) NOT NULL,
  `description` varchar(191) DEFAULT NULL,
  `picture_name` varchar(191) DEFAULT NULL,
  `price` decimal(8,2) NOT NULL,
  `current_discount` decimal(8,2) DEFAULT 0.00,
  `stock` int(10) NOT NULL,
  `product_unit` varchar(32) DEFAULT NULL,
  `is_available` tinyint(1) DEFAULT 1,
  `add_date` datetime DEFAULT NULL
) ENGINE=InnoDB DEFAULT CHARSET=utf8mb4;

--
-- Dumping data untuk tabel `products`
--

INSERT INTO `products` (`id`, `category_id`, `sku`, `name`, `description`, `picture_name`, `price`, `current_discount`, `stock`, `product_unit`, `is_available`, `add_date`) VALUES
(1, 1, 'TAAIS5100789', 'Teri Abon', NULL, 'WhatsApp_Image_2022-01-15_at_06_15_131.jpeg', '5000.00', '0.00', 100, 'Bungkus', 1, '2022-01-17 15:29:49'),
(2, 1, 'TKAIS5100827', 'Teri Krispi', NULL, 'WhatsApp_Image_2022-01-15_at_06_15_231.jpeg', '5000.00', '0.00', 100, 'Bungkus', 1, '2022-01-17 15:30:27'),
(3, 2, 'ADAD1100892', 'Aneka Donat', NULL, 'WhatsApp_Image_2022-01-15_at_06_18_091.jpeg', '10000.00', '0.00', 100, 'Kotak', 1, '2022-01-17 15:31:32');

-- --------------------------------------------------------

--
-- Struktur dari tabel `product_category`
--

CREATE TABLE `product_category` (
  `id` int(10) NOT NULL,
  `name` varchar(191) NOT NULL
) ENGINE=InnoDB DEFAULT CHARSET=utf8mb4;

--
-- Dumping data untuk tabel `product_category`
--

INSERT INTO `product_category` (`id`, `name`) VALUES
(1, 'Aneka Ikan Sungai'),
(2, 'Aneka Donat');

-- --------------------------------------------------------

--
-- Struktur dari tabel `reviews`
--

CREATE TABLE `reviews` (
  `id` bigint(20) NOT NULL,
  `user_id` bigint(20) UNSIGNED DEFAULT NULL,
  `order_id` bigint(20) DEFAULT NULL,
  `title` varchar(191) DEFAULT NULL,
  `review_text` mediumtext NOT NULL,
  `review_date` datetime NOT NULL,
  `status` tinyint(1) NOT NULL DEFAULT 1
) ENGINE=InnoDB DEFAULT CHARSET=utf8mb4;

-- --------------------------------------------------------

--
-- Struktur dari tabel `roles`
--

CREATE TABLE `roles` (
  `id` int(10) NOT NULL,
  `role_name` varchar(191) NOT NULL
) ENGINE=InnoDB DEFAULT CHARSET=utf8mb4;

--
-- Dumping data untuk tabel `roles`
--

INSERT INTO `roles` (`id`, `role_name`) VALUES
(1, 'Admin'),
(2, 'Customer');

-- --------------------------------------------------------

--
-- Struktur dari tabel `settings`
--

CREATE TABLE `settings` (
  `id` int(10) NOT NULL,
  `key` varchar(32) NOT NULL,
  `content` varchar(191) NOT NULL
) ENGINE=InnoDB DEFAULT CHARSET=utf8mb4;

--
-- Dumping data untuk tabel `settings`
--

INSERT INTO `settings` (`id`, `key`, `content`) VALUES
(1, 'current_theme_name', 'vegefoods'),
(2, 'store_name', 'E - Mami Donat'),
(3, 'store_phone_number', '081258003339'),
(4, 'store_email', 'mamidonatoke@gmail.com'),
(5, 'store_tagline', 'Belanja Mudah dan serba menarik di toko saya'),
(6, 'store_logo', 'Logo.png'),
(7, 'max_product_image_size', '20000'),
(8, 'store_description', 'Belanja aneka hidangan makanan dengan murah, mudah dan cepat'),
(9, 'store_address', 'Jl. Mulawarman RT. 17 Kel. Rawa Makmur Kec. Palaran'),
(10, 'min_shop_to_free_shipping_cost', '500000'),
(11, 'shipping_cost', '5000'),
(12, 'payment_banks', '{\"bri\":{\"bank\":\"BRI\",\"number\":\"1234567\",\"name\":\"IKAN ASIN MAKMUR JAYA\"}}');

-- --------------------------------------------------------

--
-- Struktur dari tabel `users`
--

CREATE TABLE `users` (
  `id` bigint(20) UNSIGNED NOT NULL,
  `name` varchar(50) COLLATE utf8mb4_unicode_ci DEFAULT NULL,
  `email` varchar(191) COLLATE utf8mb4_unicode_ci NOT NULL,
  `email_verified_at` timestamp NULL DEFAULT NULL,
  `username` varchar(16) COLLATE utf8mb4_unicode_ci NOT NULL,
  `password` varchar(191) COLLATE utf8mb4_unicode_ci NOT NULL,
  `profile_picture` varchar(128) COLLATE utf8mb4_unicode_ci DEFAULT NULL,
  `role_id` int(10) DEFAULT 0,
  `register_date` datetime DEFAULT NULL
) ENGINE=InnoDB DEFAULT CHARSET=utf8mb4 COLLATE=utf8mb4_unicode_ci;

--
-- Dumping data untuk tabel `users`
--

INSERT INTO `users` (`id`, `name`, `email`, `email_verified_at`, `username`, `password`, `profile_picture`, `role_id`, `register_date`) VALUES
(7, 'Admin Toko', 'tokoikanasin219@gmail.com', NULL, 'admin', '$2y$10$8g/ydMjIkk4RDX06gUPQS.RCo/lAQujaz4kFvnq1J.0i.8nK9OYAS', 'avatar04.png', 1, '2020-03-29 08:14:30'),
(8, NULL, 'ajiiatoki17@gmail.com', NULL, 'aji2017', '$2y$10$FsFfXVre0dVXGEdKtgs3huC24XxRTOFk4I9DLn5.tCzB8x2dp7taa', NULL, 2, '2022-01-17 15:34:47'),
(9, NULL, 'galaxyw@milkycandy.xyz', NULL, 'nizwa11', '$2y$10$cdyag.I1ItPCuZlxn28JM.vJzdbsJxGonBY0dOoIWgij7iUQfCrmy', NULL, 2, '2022-11-29 04:16:35');

--
-- Indexes for dumped tables
--

--
-- Indeks untuk tabel `ci_sessions`
--
ALTER TABLE `ci_sessions`
  ADD KEY `ci_sessions_timestamp` (`timestamp`);

--
-- Indeks untuk tabel `contacts`
--
ALTER TABLE `contacts`
  ADD PRIMARY KEY (`id`),
  ADD KEY `FK_contacts_contacts` (`parent_id`);

--
-- Indeks untuk tabel `coupons`
--
ALTER TABLE `coupons`
  ADD PRIMARY KEY (`id`);

--
-- Indeks untuk tabel `customers`
--
ALTER TABLE `customers`
  ADD PRIMARY KEY (`id`),
  ADD KEY `FK_customers_users` (`user_id`);

--
-- Indeks untuk tabel `orders`
--
ALTER TABLE `orders`
  ADD PRIMARY KEY (`id`),
  ADD KEY `FK_orders_users` (`user_id`),
  ADD KEY `FK_orders_coupons` (`coupon_id`);

--
-- Indeks untuk tabel `order_item`
--
ALTER TABLE `order_item`
  ADD PRIMARY KEY (`id`),
  ADD KEY `order_id` (`order_id`),
  ADD KEY `product_id` (`product_id`);

--
-- Indeks untuk tabel `payments`
--
ALTER TABLE `payments`
  ADD PRIMARY KEY (`id`),
  ADD KEY `order_id` (`order_id`);

--
-- Indeks untuk tabel `products`
--
ALTER TABLE `products`
  ADD PRIMARY KEY (`id`),
  ADD KEY `FK_products_product_category` (`category_id`);

--
-- Indeks untuk tabel `product_category`
--
ALTER TABLE `product_category`
  ADD PRIMARY KEY (`id`);

--
-- Indeks untuk tabel `reviews`
--
ALTER TABLE `reviews`
  ADD PRIMARY KEY (`id`),
  ADD KEY `FK_reviews_users` (`user_id`),
  ADD KEY `FK_reviews_orders` (`order_id`);

--
-- Indeks untuk tabel `roles`
--
ALTER TABLE `roles`
  ADD PRIMARY KEY (`id`);

--
-- Indeks untuk tabel `settings`
--
ALTER TABLE `settings`
  ADD PRIMARY KEY (`id`) USING BTREE;

--
-- Indeks untuk tabel `users`
--
ALTER TABLE `users`
  ADD PRIMARY KEY (`id`) USING BTREE,
  ADD UNIQUE KEY `users_email_unique` (`email`) USING BTREE,
  ADD KEY `role_id` (`role_id`);

--
-- AUTO_INCREMENT untuk tabel yang dibuang
--

--
-- AUTO_INCREMENT untuk tabel `contacts`
--
ALTER TABLE `contacts`
  MODIFY `id` int(10) NOT NULL AUTO_INCREMENT;

--
-- AUTO_INCREMENT untuk tabel `coupons`
--
ALTER TABLE `coupons`
  MODIFY `id` bigint(20) NOT NULL AUTO_INCREMENT;

--
-- AUTO_INCREMENT untuk tabel `customers`
--
ALTER TABLE `customers`
  MODIFY `id` bigint(20) NOT NULL AUTO_INCREMENT, AUTO_INCREMENT=3;

--
-- AUTO_INCREMENT untuk tabel `orders`
--
ALTER TABLE `orders`
  MODIFY `id` bigint(20) NOT NULL AUTO_INCREMENT, AUTO_INCREMENT=3;

--
-- AUTO_INCREMENT untuk tabel `order_item`
--
ALTER TABLE `order_item`
  MODIFY `id` bigint(20) NOT NULL AUTO_INCREMENT, AUTO_INCREMENT=3;

--
-- AUTO_INCREMENT untuk tabel `payments`
--
ALTER TABLE `payments`
  MODIFY `id` bigint(20) NOT NULL AUTO_INCREMENT;

--
-- AUTO_INCREMENT untuk tabel `products`
--
ALTER TABLE `products`
  MODIFY `id` bigint(20) NOT NULL AUTO_INCREMENT, AUTO_INCREMENT=4;

--
-- AUTO_INCREMENT untuk tabel `product_category`
--
ALTER TABLE `product_category`
  MODIFY `id` int(10) NOT NULL AUTO_INCREMENT, AUTO_INCREMENT=3;

--
-- AUTO_INCREMENT untuk tabel `reviews`
--
ALTER TABLE `reviews`
  MODIFY `id` bigint(20) NOT NULL AUTO_INCREMENT;

--
-- AUTO_INCREMENT untuk tabel `roles`
--
ALTER TABLE `roles`
  MODIFY `id` int(10) NOT NULL AUTO_INCREMENT, AUTO_INCREMENT=3;

--
-- AUTO_INCREMENT untuk tabel `settings`
--
ALTER TABLE `settings`
  MODIFY `id` int(10) NOT NULL AUTO_INCREMENT, AUTO_INCREMENT=13;

--
-- AUTO_INCREMENT untuk tabel `users`
--
ALTER TABLE `users`
  MODIFY `id` bigint(20) UNSIGNED NOT NULL AUTO_INCREMENT, AUTO_INCREMENT=10;

--
-- Ketidakleluasaan untuk tabel pelimpahan (Dumped Tables)
--

--
-- Ketidakleluasaan untuk tabel `contacts`
--
ALTER TABLE `contacts`
  ADD CONSTRAINT `FK_contacts_contacts` FOREIGN KEY (`parent_id`) REFERENCES `contacts` (`id`) ON DELETE CASCADE ON UPDATE NO ACTION;

--
-- Ketidakleluasaan untuk tabel `customers`
--
ALTER TABLE `customers`
  ADD CONSTRAINT `FK_customers_users` FOREIGN KEY (`user_id`) REFERENCES `users` (`id`) ON DELETE NO ACTION ON UPDATE CASCADE;

--
-- Ketidakleluasaan untuk tabel `orders`
--
ALTER TABLE `orders`
  ADD CONSTRAINT `FK_orders_coupons` FOREIGN KEY (`coupon_id`) REFERENCES `coupons` (`id`) ON DELETE SET NULL ON UPDATE CASCADE,
  ADD CONSTRAINT `FK_orders_users` FOREIGN KEY (`user_id`) REFERENCES `users` (`id`) ON DELETE NO ACTION ON UPDATE CASCADE;
COMMIT;

/*!40101 SET CHARACTER_SET_CLIENT=@OLD_CHARACTER_SET_CLIENT */;
/*!40101 SET CHARACTER_SET_RESULTS=@OLD_CHARACTER_SET_RESULTS */;
/*!40101 SET COLLATION_CONNECTION=@OLD_COLLATION_CONNECTION */;
